{
  "controller/Detail.controller.js": 1615137634471,
  "model/formatter.js": 1615129729384,
  "model/models.js": 1615129729384,
  "manifest.json": 1615555838386,
  "controller/NotFound.controller.js": 1615129729384,
  "controller/Master.controller.js": 1615129729384,
  "controller/ListSelector.js": 1615129729384,
  "controller/ErrorHandler.js": 1615129729384,
  "controller/DetailObjectNotFound.js": 1615129729384,
  "controller/DetailObjectNotFound.controller.js": 1615129729384,
  "i18n/i18n.properties": 1615130536802,
  "controller/BaseController.js": 1615129729384,
  "controller/App.controller.js": 1615129729380,
  "Component.js": 1615129729380,
  "manifest-bundle.zip": 1615555837909,
  "Component-preload.js": 1615555838291,
  "controller/Detail-dbg.controller.js": 1615137634471,
  "model/formatter-dbg.js": 1615129729384,
  "controller/NotFound-dbg.controller.js": 1615129729384,
  "controller/Master-dbg.controller.js": 1615129729384,
  "controller/ListSelector-dbg.js": 1615129729384,
  "controller/ErrorHandler-dbg.js": 1615129729384,
  "controller/DetailObjectNotFound-dbg.js": 1615129729384,
  "controller/DetailObjectNotFound-dbg.controller.js": 1615129729384,
  "model/models-dbg.js": 1615129729384,
  "controller/BaseController-dbg.js": 1615129729384,
  "controller/App-dbg.controller.js": 1615129729380,
  "Component-dbg.js": 1615129729380,
  "resources.json": 1615555838390,
  "view/ViewSettingsDialog.fragment.xml": 1615129729396,
  "view/NotFound.view.xml": 1615129729392,
  "view/Master.view.xml": 1615133896984,
  "view/DetailObjectNotFound.view.xml": 1615136016322,
  "view/Detail.view.xml": 1615136016350,
  "view/App.view.xml": 1615129833556,
  "test.html": 1615129729384,
  "index.html": 1615129729384
}